{
  "IcoMoonType": "selection",
  "icons": [
    {
      "icon": {
        "paths": [
          "M36.571 4.571h2340.571c17.673 0 32 14.327 32 32v950.857c0 17.673-14.327 32-32 32h-2340.571c-17.673 0-32-14.327-32-32v-950.857c0-17.673 14.327-32 32-32z"
        ],
        "attrs": [
          {
            "fill": "rgb(244, 244, 253)"
          }
        ],
        "width": 2414,
        "isMulticolor": false,
        "isMulticolor2": false,
        "grid": 0,
        "tags": [
          "Rectangle 4"
        ]
      },
      "attrs": [
        {
          "fill": "rgb(244, 244, 253)"
        }
      ],
      "properties": {
        "order": 31,
        "id": 3,
        "name": "Rectangle-4",
        "prevSize": 32
      },
      "setIdx": 0,
      "setId": 3,
      "iconIdx": 0
    },
    {
      "icon": {
        "paths": [
          "M36.571 4.571h2340.571c17.673 0 32 14.327 32 32v950.857c0 17.673-14.327 32-32 32h-2340.571c-17.673 0-32-14.327-32-32v-950.857c0-17.673 14.327-32 32-32z"
        ],
        "attrs": [
          {
            "fill": "rgb(244, 244, 253)"
          }
        ],
        "width": 2414,
        "isMulticolor": false,
        "isMulticolor2": false,
        "grid": 0,
        "tags": [
          "Rectangle 3"
        ]
      },
      "attrs": [
        {
          "fill": "rgb(244, 244, 253)"
        }
      ],
      "properties": {
        "order": 28,
        "id": 2,
        "name": "Rectangle-3",
        "prevSize": 32
      },
      "setIdx": 0,
      "setId": 3,
      "iconIdx": 1
    },
    {
      "icon": {
        "paths": [
          "M36.571 4.571h2340.571c17.673 0 32 14.327 32 32v950.857c0 17.673-14.327 32-32 32h-2340.571c-17.673 0-32-14.327-32-32v-950.857c0-17.673 14.327-32 32-32z"
        ],
        "attrs": [
          {
            "fill": "rgb(244, 244, 253)"
          }
        ],
        "width": 2414,
        "isMulticolor": false,
        "isMulticolor2": false,
        "grid": 0,
        "tags": [
          "Rectangle 3 (1)"
        ]
      },
      "attrs": [
        {
          "fill": "rgb(244, 244, 253)"
        }
      ],
      "properties": {
        "order": 32,
        "id": 1,
        "name": "Rectangle-3-1",
        "prevSize": 32
      },
      "setIdx": 0,
      "setId": 3,
      "iconIdx": 2
    },
    {
      "icon": {
        "paths": [
          "M36.571 4.571h2340.571c17.673 0 32 14.327 32 32v950.857c0 17.673-14.327 32-32 32h-2340.571c-17.673 0-32-14.327-32-32v-950.857c0-17.673 14.327-32 32-32z"
        ],
        "attrs": [
          {
            "fill": "rgb(244, 244, 253)"
          }
        ],
        "width": 2414,
        "isMulticolor": false,
        "isMulticolor2": false,
        "grid": 0,
        "tags": [
          "Rectangle 2"
        ]
      },
      "attrs": [
        {
          "fill": "rgb(244, 244, 253)"
        }
      ],
      "properties": {
        "order": 33,
        "id": 0,
        "name": "Rectangle-2",
        "prevSize": 32
      },
      "setIdx": 0,
      "setId": 3,
      "iconIdx": 3
    },
    {
      "icon": {
        "paths": [
          "M1024 511.997c0 141.386-57.308 269.386-149.962 362.040s-220.654 149.96-362.038 149.96c-141.384 0-269.385-57.306-362.039-149.96s-149.961-220.654-149.961-362.040c0-141.384 57.308-269.384 149.961-362.038s220.655-149.961 362.039-149.961c141.384 0 269.384 57.308 362.038 149.961s149.962 220.654 149.962 362.038z",
          "M716.8 384.996c-15.232 6.682-31.462 11.11-48.384 13.261 17.408-10.394 30.694-26.726 36.941-46.413-16.23 9.677-34.15 16.512-53.248 20.326-15.411-16.41-37.376-26.573-61.338-26.573-46.49 0-83.917 37.734-83.917 83.994 0 6.656 0.563 13.056 1.946 19.149-69.811-3.405-131.584-36.864-173.082-87.834-7.245 12.57-11.494 26.957-11.494 42.445 0 29.082 14.976 54.861 37.299 69.786-13.491-0.256-26.726-4.173-37.939-10.342 0 0.256 0 0.589 0 0.922 0 40.806 29.107 74.701 67.277 82.509-6.835 1.869-14.285 2.765-22.016 2.765-5.376 0-10.803-0.307-15.898-1.434 10.88 33.254 41.754 57.702 78.464 58.496-28.57 22.349-64.845 35.814-104.115 35.814-6.886 0-13.491-0.307-20.096-1.152 37.197 23.987 81.28 37.683 128.819 37.683 154.522 0 239.002-128 239.002-238.95 0-3.712-0.128-7.296-0.307-10.854 16.666-11.827 30.669-26.598 42.086-43.597z"
        ],
        "attrs": [
          {
            "fill": "rgb(77, 90, 229)"
          },
          {
            "fill": "rgb(244, 244, 253)"
          }
        ],
        "isMulticolor": true,
        "isMulticolor2": false,
        "grid": 0,
        "tags": [
          "Ellipse"
        ],
        "colorPermutations": {
          "244244253177902291": [
            {
              "f": 0
            },
            {
              "f": 1
            }
          ]
        }
      },
      "attrs": [
        {
          "fill": "rgb(77, 90, 229)"
        },
        {
          "fill": "rgb(244, 244, 253)"
        }
      ],
      "properties": {
        "order": 37,
        "id": 3,
        "name": "Ellipse",
        "prevSize": 32
      },
      "setIdx": 1,
      "setId": 2,
      "iconIdx": 0
    },
    {
      "icon": {
        "paths": [
          "M1024 511.997c0 141.386-57.308 269.386-149.962 362.040s-220.654 149.96-362.038 149.96c-141.384 0-269.385-57.306-362.039-149.96s-149.961-220.654-149.961-362.040c0-141.384 57.308-269.384 149.961-362.038s220.655-149.961 362.039-149.961c141.384 0 269.384 57.308 362.038 149.961s149.962 220.654 149.962 362.038z",
          "M716.398 427.622c-0.96-21.765-4.48-36.726-9.521-49.692-5.202-13.763-13.202-26.081-23.685-36.324-10.243-10.404-22.646-18.486-36.247-23.606-13.041-5.041-27.924-8.561-49.69-9.521-21.926-1.042-28.887-1.283-84.498-1.283s-62.572 0.241-84.416 1.201c-21.763 0.96-36.726 4.483-49.687 9.521-13.765 5.202-26.086 13.202-36.329 23.688-10.401 10.243-18.483 22.643-23.606 36.247-5.041 13.043-8.561 27.924-9.521 49.687-1.039 21.926-1.28 28.887-1.28 84.498s0.241 62.572 1.201 84.416c0.957 21.765 4.48 36.726 9.523 49.692 5.199 13.763 13.281 26.084 23.683 36.326 10.243 10.401 22.646 18.483 36.247 23.603 13.043 5.041 27.924 8.561 49.692 9.521 21.842 0.963 28.805 1.201 84.416 1.201s62.572-0.238 84.416-1.201c21.763-0.96 36.726-4.48 49.687-9.521 27.528-10.642 49.29-32.407 59.935-59.93 5.038-13.043 8.561-27.927 9.521-49.692 0.96-21.844 1.201-28.805 1.201-84.416s-0.082-62.572-1.042-84.416zM679.514 594.854c-0.883 20.004-4.242 30.807-7.043 38.008-6.884 17.843-21.046 32.005-38.889 38.889-7.201 2.801-18.081 6.159-38.008 7.037-21.604 0.963-28.083 1.201-82.734 1.201s-61.212-0.238-82.737-1.201c-20.004-0.878-30.807-4.237-38.008-7.037-8.881-3.282-16.963-8.484-23.524-15.286-6.802-6.641-12.001-14.643-15.283-23.524-2.801-7.201-6.162-18.084-7.040-38.006-0.963-21.604-1.201-28.088-1.201-82.739s0.238-61.212 1.201-82.734c0.878-20.004 4.239-30.807 7.040-38.008 3.282-8.883 8.481-16.963 15.365-23.526 6.638-6.799 14.641-12.001 23.524-15.281 7.201-2.801 18.084-6.159 38.006-7.043 21.604-0.96 28.088-1.201 82.737-1.201 54.73 0 61.21 0.241 82.737 1.201 20.004 0.883 30.807 4.242 38.008 7.043 8.878 3.279 16.963 8.481 23.524 15.281 6.799 6.643 12.001 14.643 15.283 23.526 2.801 7.201 6.159 18.081 7.043 38.008 0.96 21.604 1.201 28.083 1.201 82.734s-0.241 61.053-1.201 82.657z",
          "M512.76 406.817c-58.089 0-105.221 47.127-105.221 105.221 0 58.092 47.132 105.221 105.221 105.221 58.092 0 105.219-47.13 105.219-105.221 0-58.094-47.127-105.221-105.219-105.221zM512.76 580.291c-37.686 0-68.255-30.564-68.255-68.252s30.569-68.255 68.255-68.255c37.688 0 68.252 30.566 68.252 68.255s-30.564 68.252-68.252 68.252z",
          "M646.707 402.657c0 13.565-10.998 24.566-24.566 24.566-13.565 0-24.566-11-24.566-24.566 0-13.568 11-24.563 24.566-24.563 13.568 0 24.566 10.995 24.566 24.563z"
        ],
        "attrs": [
          {
            "fill": "rgb(77, 90, 229)"
          },
          {
            "fill": "rgb(244, 244, 253)"
          },
          {
            "fill": "rgb(244, 244, 253)"
          },
          {
            "fill": "rgb(244, 244, 253)"
          }
        ],
        "isMulticolor": true,
        "isMulticolor2": false,
        "grid": 0,
        "tags": [
          "Ellipse (3)"
        ],
        "colorPermutations": {
          "244244253177902291": [
            {
              "f": 0
            },
            {
              "f": 1
            },
            {
              "f": 1
            },
            {
              "f": 1
            }
          ]
        }
      },
      "attrs": [
        {
          "fill": "rgb(77, 90, 229)"
        },
        {
          "fill": "rgb(244, 244, 253)"
        },
        {
          "fill": "rgb(244, 244, 253)"
        },
        {
          "fill": "rgb(244, 244, 253)"
        }
      ],
      "properties": {
        "order": 36,
        "id": 2,
        "name": "Ellipse-3",
        "prevSize": 32
      },
      "setIdx": 1,
      "setId": 2,
      "iconIdx": 1
    },
    {
      "icon": {
        "paths": [
          "M1024 511.997c0 141.386-57.308 269.386-149.962 362.040s-220.654 149.96-362.038 149.96c-141.384 0-269.385-57.306-362.039-149.96s-149.961-220.654-149.961-362.040c0-141.384 57.308-269.384 149.961-362.038s220.655-149.961 362.039-149.961c141.384 0 269.384 57.308 362.038 149.961s149.962 220.654 149.962 362.038z",
          "M716.7 716.8v-0.018h0.102v-150.221c0-73.49-15.821-130.099-101.734-130.099-41.3 0-69.018 22.664-80.333 44.152h-1.196v-37.292h-81.459v273.459h84.823v-135.406c0-35.653 6.758-70.129 50.908-70.129 43.505 0 44.152 40.689 44.152 72.415v133.138h84.736z",
          "M313.958 443.338h84.925v273.459h-84.925v-273.459z",
          "M356.388 307.197c-27.154 0-49.185 22.034-49.185 49.188 0 27.151 22.031 49.646 49.185 49.646s49.185-22.495 49.185-49.646c-0.015-27.154-22.049-49.188-49.185-49.188v0z"
        ],
        "attrs": [
          {
            "fill": "rgb(77, 90, 229)"
          },
          {
            "fill": "rgb(244, 244, 253)"
          },
          {
            "fill": "rgb(244, 244, 253)"
          },
          {
            "fill": "rgb(244, 244, 253)"
          }
        ],
        "isMulticolor": true,
        "isMulticolor2": false,
        "grid": 0,
        "tags": [
          "Ellipse (2)"
        ],
        "colorPermutations": {
          "244244253177902291": [
            {
              "f": 0
            },
            {
              "f": 1
            },
            {
              "f": 1
            },
            {
              "f": 1
            }
          ]
        }
      },
      "attrs": [
        {
          "fill": "rgb(77, 90, 229)"
        },
        {
          "fill": "rgb(244, 244, 253)"
        },
        {
          "fill": "rgb(244, 244, 253)"
        },
        {
          "fill": "rgb(244, 244, 253)"
        }
      ],
      "properties": {
        "order": 35,
        "id": 1,
        "name": "Ellipse-2",
        "prevSize": 32
      },
      "setIdx": 1,
      "setId": 2,
      "iconIdx": 2
    },
    {
      "icon": {
        "paths": [
          "M1024 511.997c0 141.386-57.308 269.386-149.962 362.040s-220.654 149.96-362.038 149.96c-141.384 0-269.385-57.306-362.039-149.96s-149.961-220.654-149.961-362.040c0-141.384 57.308-269.384 149.961-362.038s220.655-149.961 362.039-149.961c141.384 0 269.384 57.308 362.038 149.961s149.962 220.654 149.962 362.038z",
          "M580.216 375.209h37.394v-65.126c-6.451-0.888-28.639-2.885-54.477-2.885-53.914 0-90.847 33.912-90.847 96.241v57.359h-59.494v72.806h59.494v183.194h72.942v-183.176h57.088l9.062-72.806h-66.166v-50.158c0.015-21.043 5.683-35.448 35.003-35.448z"
        ],
        "attrs": [
          {
            "fill": "rgb(77, 90, 229)"
          },
          {
            "fill": "rgb(244, 244, 253)"
          }
        ],
        "isMulticolor": true,
        "isMulticolor2": false,
        "grid": 0,
        "tags": [
          "Ellipse (1)"
        ],
        "colorPermutations": {
          "244244253177902291": [
            {
              "f": 0
            },
            {
              "f": 1
            }
          ]
        }
      },
      "attrs": [
        {
          "fill": "rgb(77, 90, 229)"
        },
        {
          "fill": "rgb(244, 244, 253)"
        }
      ],
      "properties": {
        "order": 34,
        "id": 0,
        "name": "Ellipse-1",
        "prevSize": 32
      },
      "setIdx": 1,
      "setId": 2,
      "iconIdx": 3
    },
    {
      "icon": {
        "paths": [
          "M928 0h-832c-52.8 0-96 43.2-96 96v832c0 52.8 43.2 96 96 96h416v-448h-128v-128h128v-64c0-105.8 86.2-192 192-192h128v128h-128c-35.2 0-64 28.8-64 64v64h192l-32 128h-160v448h288c52.8 0 96-43.2 96-96v-832c0-52.8-43.2-96-96-96z"
        ],
        "tags": [
          "facebook",
          "brand",
          "social"
        ],
        "defaultCode": 60049,
        "grid": 16,
        "attrs": []
      },
      "attrs": [],
      "properties": {
        "ligatures": "facebook2, brand11",
        "name": "facebook2",
        "order": 20,
        "id": 402,
        "prevSize": 32
      },
      "setIdx": 2,
      "setId": 1,
      "iconIdx": 401
    },
    {
      "icon": {
        "paths": [
          "M512 92.2c136.8 0 153 0.6 206.8 3 50 2.2 77 10.6 95 17.6 23.8 9.2 41 20.4 58.8 38.2 18 18 29 35 38.4 58.8 7 18 15.4 45.2 17.6 95 2.4 54 3 70.2 3 206.8s-0.6 153-3 206.8c-2.2 50-10.6 77-17.6 95-9.2 23.8-20.4 41-38.2 58.8-18 18-35 29-58.8 38.4-18 7-45.2 15.4-95 17.6-54 2.4-70.2 3-206.8 3s-153-0.6-206.8-3c-50-2.2-77-10.6-95-17.6-23.8-9.2-41-20.4-58.8-38.2-18-18-29-35-38.4-58.8-7-18-15.4-45.2-17.6-95-2.4-54-3-70.2-3-206.8s0.6-153 3-206.8c2.2-50 10.6-77 17.6-95 9.2-23.8 20.4-41 38.2-58.8 18-18 35-29 58.8-38.4 18-7 45.2-15.4 95-17.6 53.8-2.4 70-3 206.8-3zM512 0c-139 0-156.4 0.6-211 3-54.4 2.4-91.8 11.2-124.2 23.8-33.8 13.2-62.4 30.6-90.8 59.2-28.6 28.4-46 57-59.2 90.6-12.6 32.6-21.4 69.8-23.8 124.2-2.4 54.8-3 72.2-3 211.2s0.6 156.4 3 211c2.4 54.4 11.2 91.8 23.8 124.2 13.2 33.8 30.6 62.4 59.2 90.8 28.4 28.4 57 46 90.6 59 32.6 12.6 69.8 21.4 124.2 23.8 54.6 2.4 72 3 211 3s156.4-0.6 211-3c54.4-2.4 91.8-11.2 124.2-23.8 33.6-13 62.2-30.6 90.6-59s46-57 59-90.6c12.6-32.6 21.4-69.8 23.8-124.2 2.4-54.6 3-72 3-211s-0.6-156.4-3-211c-2.4-54.4-11.2-91.8-23.8-124.2-12.6-34-30-62.6-58.6-91-28.4-28.4-57-46-90.6-59-32.6-12.6-69.8-21.4-124.2-23.8-54.8-2.6-72.2-3.2-211.2-3.2v0z",
          "M512 249c-145.2 0-263 117.8-263 263s117.8 263 263 263 263-117.8 263-263c0-145.2-117.8-263-263-263zM512 682.6c-94.2 0-170.6-76.4-170.6-170.6s76.4-170.6 170.6-170.6c94.2 0 170.6 76.4 170.6 170.6s-76.4 170.6-170.6 170.6z",
          "M846.8 238.6c0 33.91-27.49 61.4-61.4 61.4s-61.4-27.49-61.4-61.4c0-33.91 27.49-61.4 61.4-61.4s61.4 27.49 61.4 61.4z"
        ],
        "tags": [
          "instagram",
          "brand",
          "social"
        ],
        "defaultCode": 60050,
        "grid": 16,
        "attrs": []
      },
      "attrs": [],
      "properties": {
        "ligatures": "instagram, brand12",
        "name": "instagram",
        "order": 19,
        "id": 403,
        "prevSize": 32
      },
      "setIdx": 2,
      "setId": 1,
      "iconIdx": 402
    },
    {
      "icon": {
        "paths": [
          "M1024 226.4c-37.6 16.8-78.2 28-120.6 33 43.4-26 76.6-67.2 92.4-116.2-40.6 24-85.6 41.6-133.4 51-38.4-40.8-93-66.2-153.4-66.2-116 0-210 94-210 210 0 16.4 1.8 32.4 5.4 47.8-174.6-8.8-329.4-92.4-433-219.6-18 31-28.4 67.2-28.4 105.6 0 72.8 37 137.2 93.4 174.8-34.4-1-66.8-10.6-95.2-26.2 0 0.8 0 1.8 0 2.6 0 101.8 72.4 186.8 168.6 206-17.6 4.8-36.2 7.4-55.4 7.4-13.6 0-26.6-1.4-39.6-3.8 26.8 83.4 104.4 144.2 196.2 146-72 56.4-162.4 90-261 90-17 0-33.6-1-50.2-3 93.2 59.8 203.6 94.4 322.2 94.4 386.4 0 597.8-320.2 597.8-597.8 0-9.2-0.2-18.2-0.6-27.2 41-29.4 76.6-66.4 104.8-108.6z"
        ],
        "tags": [
          "twitter",
          "brand",
          "tweet",
          "social"
        ],
        "defaultCode": 60054,
        "grid": 16,
        "attrs": []
      },
      "attrs": [],
      "properties": {
        "ligatures": "twitter, brand16",
        "name": "twitter",
        "order": 22,
        "id": 407,
        "prevSize": 32
      },
      "setIdx": 2,
      "setId": 1,
      "iconIdx": 406
    },
    {
      "icon": {
        "paths": [
          "M928 0h-832c-52.8 0-96 43.2-96 96v832c0 52.8 43.2 96 96 96h832c52.8 0 96-43.2 96-96v-832c0-52.8-43.2-96-96-96zM384 832h-128v-448h128v448zM320 320c-35.4 0-64-28.6-64-64s28.6-64 64-64c35.4 0 64 28.6 64 64s-28.6 64-64 64zM832 832h-128v-256c0-35.4-28.6-64-64-64s-64 28.6-64 64v256h-128v-448h128v79.4c26.4-36.2 66.8-79.4 112-79.4 79.6 0 144 71.6 144 160v288z"
        ],
        "tags": [
          "linkedin",
          "brand",
          "social"
        ],
        "defaultCode": 60105,
        "grid": 16,
        "attrs": []
      },
      "attrs": [],
      "properties": {
        "ligatures": "linkedin, brand64",
        "name": "linkedin",
        "order": 21,
        "id": 458,
        "prevSize": 32
      },
      "setIdx": 2,
      "setId": 1,
      "iconIdx": 457
    }
  ],
  "height": 1024,
  "preferences": {
    "showGlyphs": true,
    "showQuickUse": true,
    "showQuickUse2": true,
    "showSVGs": true,
    "fontPref": {
      "prefix": "icon-",
      "metadata": {
        "fontFamily": "icomoon"
      },
      "metrics": {
        "emSize": 1024,
        "baseline": 6.25,
        "whitespace": 50
      },
      "embed": false
    },
    "imagePref": {
      "prefix": "icon-",
      "png": true,
      "useClassSelector": true,
      "color": 0,
      "bgColor": 16777215,
      "classSelector": ".icon",
      "name": "icomoon"
    },
    "historySize": 50,
    "showCodes": true,
    "gridSize": 16
  }
}